Entry,Count
D4zVhwuUsFbcaty7wJhNEZ7VEwPHXQ5d2heXPxM5yWhL,7
Raydium Authority V4,7
Jupiter Partner Referral Fee Vault,7
j1oAbxxiDUWvoHxEDhWE7THLjEkDQW2cSHYn2vttxTF,6
BieeZkdnBAgNYknzo3RH2vku7FcPkFZMZmRJANh2TpW,5
2SGpvQrAqG8EME5gtYsiQ7jHQc6RdcfwRVUYgguFa8SE,4
AfQ1oaudsGjvznX4JNEw671hi57JfWo4CWqhtkdgoVHU,3
8QjdkZRZgoe999Ts6V8sp9yxYXADB4MhPf1x7yD5h3Tw,3
DH3DJ632Nok3481Y5g5VTtBJ571UYS8Jne2YicP2Ku5G,3
4Bfv9MPtU1qyV7zNvyMfgkmPrvBVRb4iCP2HSPsGtcgN,3
GTDLoJd8H5WvvwgURBdfCuE1aFnp2BUN2zvs9NVQU2Lr,3
7VJMsDNnfUAXTWx3oXYXpnwD4JY4LSzwt7zCz7G8oaiw,3
6wWTTgmAsFfjE4PX2KnWaCJya9ZP1GAPtVECCGsMRQ1y,3
6Hs4pkSBj4HVPTDJqprKv1X9Ca77PRWvLcJQ2JAQYkcB,3
2AXKCshcLRDU2EFXpWw4FCpDHoqRY5wjbn9mtGDsAbGb,3
EA7KJJwcG4m3qG53vXFMvRTsbfVxL9YMQXhZmFhPtrwZ,3
5BZy1rKDTGtvp2eNJJcSdFpwQEqbGHr45UsPhWocgSfR,3
83GZqmLZntsdTb2kJThanaqXMJCP1Jv66Fo1DqR7PhEB,3
7mH2av8wcd6NDKxK1sfGymfBqaSykNR3wRDduw6Z721L,3
H5YJFVkKxJaKMuLdNmDoG5UG8frS8iVRvN4UAjr9ntxT,3
APUnpSv4HDpNPfed4dPqAnz75REWYbM5vTHaTnApLe1P,3
FaMTLhffzKiGGndWz1k6EvBof4mr1PwwMQoAUizax2Z2,3
j1oeQoPeuEDmjvyMwBmCWexzCQup77kbKKxV59CnYbd,3
8VCsgszwWD3dZWTV73eKrrBVipBdkXUNwmeoSrr9McTn,3
Jupiter DCA Fee Vault Authority,3
Eo2fCTo2RDuipvSqomaDWFrsbBHxZ3i2MuxzaHB1Xkq4,3
DaQM6b6dbxShqjRdaxPEgMorgjtRtdpfPJWkWYrKgNPa,3
4K3a2ucXiGvuMJMPNneRDyzmNp6i4RdzXJmBdWwGwPEh,3
8PdMpwq27DqquyvCQKLNoXtzuuu29bQg5Jrz5LP6pRq3,3
9K2f14PcGAz4RsW55rUgumiK7Goyn5YvRW1j8gWTqUXy,3
9Fbu5z3jLSVPGKSpFJ2LZgaPYKey43fREimG5ZrNyR8w,3
DjNjRmjMBso49J7sfJKH1rSS8pEvBMJk6ABFX7tNABWH,3
9bx3cHNzeBB9zCYgNc8uyuGbRDGguoz3ZC27r1udxqva,2
vipmonke.sol,2
HbVYLimswct1gQUZdYiaaivUATVHqZTFnzYLbt39pW28,2
Fbs5KSGBqjaEr5Gzi8meM4btwfxjp7SKvHTnqK3zeRTH,2
2AGsveNjx16zsUwT4ywxBmHD2snPuzGihDMKuZd2pTqm,2
EH23orZ9i57bTwm8gxB3EW7eGc97bj7LT2CmEPKt48jW,2
8U4a8r27YWV54nGYVUqaeNbioR3vi2syit1JoTBJfX1Q,2
3PazvPag88GtVpuhoHar2No18GtbJqEJhagwriuBsXBo,2
2C6APxXZvmE9VpaUApUMj3QmFeBW6xSorJcpU2SnVbYt,2
4Ltg4BrEAee4DZ9ZC5UCN1dvAn1zr4Na6XVL4BsZbMX2,2
41uCv6a1JPwZT4pDAN4AGvPosHVx2ndkNFEFgKLzd5wx,2
ChEoG1BSLLreRivWUzou5UZNqRNmos5BNnt4Bh8od8Qg,2
BYN8BfqXPef3YHUvmjfHyuVM6cHCLy72Y7TGrPt3h5mx,2
3oSbiNMEY5ccHeS1kZaEEWSrDnq4zBUF5oBAPjGfw2zh,2
EZGhgUC7nvdNi75Lyj6jYvPvhr4SqqJhQTKG5JG9mfnS,2
BUUgdSC4Bvu73rToeQse5FazPhiwQhjh9MTMjfYvfv61,2
7VTaEPTKP58YKUrpv54WcNFogeJWMw1f1VW5xV3HQB9c,2
4kXoB3JTUgzKCStbcYLUtqL3BwET9WVcHJdUkAswrzkK,2
CtoZiPEQVbjGNvq7ZXxzR3JXVy27WzrgZz9jRULvGXHi,2
62yiTtdKxMqzhuhqTgwCgSQwfA9L4vxgUbzQkoZdQjo8,2
WRSiphhB3wgK5D5CoFZA3FRbgbtkrTuQso9JVJCSzWf,2
HwyDUbLe3QwV4bc7NQyjV86pn2HEuMazTTWajc6NfvA6,2
CgANddXc7FKSsdLSdFv67X8faZqQaRTeLMXkAVANkZD4,2
HnpsVyxs39DSRsNxDaD9WJ5RgPSd5RL994VPTACQxhA9,2
DQf1VUNcvdQ1AFABhH9xUnSPHWMDu4P2omQhi62oqtVr,2
Ascendex,2
7jNj82KrWjk3zhcQuWdKKS8izS4XVGdser6CJ9VQSvYJ,2
CR51FDDU9z9uNwhR5nto26pfCBjieioJtJjoJoK5R37k,2
tV5gieH97qoRynBbYqU429GWyMADEpzFSqa3ZHVrCCi,2
As7x4UmPT4bJdUGYgFkXsseLdmfiewLVdnhx4WAfxiS2,2
9EUZinATpYuHNdho4dbrYkTLkGYhtCfDFchbfFfbG7sJ,2
HRSec8SiwVBLCppZrPfLVo5MdEXZ2K87fK5xrdq8QE1Z,2
C3ZTg6iaHajmgzYqdgHkyjPfUScNNtHsjVWZfc2QrYg5,2
BSgsjsKvdJom82k6UdG7uc28AZZTWLU6RnVCWqMtdDrh,2
3uaCtKkRbYTKGRG7pEjVY8Ye7FQhQm6Aeu9PHBLqxYBU,2
6Vn2CKiWB4Qmsfy9zHVK6181c6kqoTQR6deCtSVoVkQJ,2
BdssbxoUL8Pu8QTKHzLM4bVCvKG9JViThAEj4VRvYA1X,2
DzaY7S9S1LntUUgW4huKP1PwNRpDT6MWwc3SATscAjHG,2
6CaPqnYHScxnQu1zzgj8MBXYv3cc7WP9skMMso6RUGYy,2
54NyApZoLdbG9JMh7Ni227kkWvq8xAvMqMFznNWwb6Ch,2
8vUyFMnDfDrsz6c9UupPBVp6A5DLCg45Nuh1Zj39b8ft,2
CdEaHRKPfcp8Qcy1KQCuNjXikNL2F5p53oHCjQ7PsDBG,2
CGkMaFkYjqnvy5RYbAZZ8LyY4e9yXw9ekYwEMiY9m8ym,2
AsFtX98nBa9JBWeboZh1xGA1GYcPVBhTgijXgrvcaCkc,2
8KoQ9ReE1P2bCVf9AJttNxrJTyqyHRHBPpooRpfE3LGt,2
shrimpler.sol,2
HQLpeagXVbdTxGwdhT5MByzbhfGRhdGJvMH22jfMuuge,2
3x3sBQ7RNVX9bt5pjXqMJjy3MwnUouyrmRxBVrmAf8CW,2
8v2wyqmN3thxP5tAdFhxXT3XS3rEBM6YXm8VvCibJH2D,2
DBjDJ1NBtfPTBhESZnjzU5HbhrHEaVYxJM3KZsJfBS9P,2
Fpfk3nrz2ZQvCDpxHRE9gm1PNxkc2o7VEx4TGeyfjUnr,2
BSapGzTgW9a7fzL8VEbEMFYKaucVxii2ieQ3MM3CQYhX,2
DJkPJC6N7Hc47HzoeCTm6GnA9uVa3nduyTXavweL4YB8,2
6NZvqempabwXs5bRodRohRvsNvKh7GrG3xm2GWn4pmpu,2
58xY4dYz873Uo3GXCUYE5UDPoZ7WJPWdkwCDPEHhwGSj,2
6d93TYtwthn7Mrwe1zKaFBj3gM5a8LLr1hpyj1GVLy1E,2
HTVupcGHvA8tXX5pHmmAxQ8eiFAJSJhYNQjer3zycLcU,2
DahndCoAZTPNCYW36cihzuytvR6jvSuG9YCpdF5FWmeG,2
5NrB1fk8mkJ722qBDvzyNf4QYboRucjfbtuF7egJWqNG,2
cosmicfrog.sol,2
Hj5T1vhDw6ucamAY3c4BtXjxidcWa4vqeG4EbGbDaE9b,2
5VHCmPqzwiz8wWTLFrikigP8u5b2XwnfseHxzrFaVJXS,2
A6MaLu2mpUW6HZiL829hBxwdVa2j2NYmM8mcG4Ls6xWT,2
4HetAvgvcKmhxmgXb1CQSw9PEWwRuyMuqkjWAAeiRkhf,2
EbPqNNXXyPNgzCzzx4D2TZ188Sg3b12ZjADNjHbtYQyC,2
7LNALKkg1jMJWmmxC58E8QTsNSM4qwKFFuFZvZPLcEM4,2
9gRWkv83vuK4mFa46BDuxwCAcYfQyKyfUTpYFen3JCgV,2
FP5M2H2zzFKbGR2zmDD36f2qwB86sCpC61SjSrR6Qs7J,2
2K7Q8hrnaTvhriSy8gqB7bYukpmcvNWSeDxQkqBEzYsa,2
Bc5vLWaQ1U4McymukdGb77dBAaSCuJ4uQVVNzKEWK29C,2
uahJjgacTiygGhkDToNA5nFJfXHDGwZSY7koXNWhKTb,2
4PVcrqdbQSLBwjMFDY8ThS5epfRBhBnpZF8Wb6pRAHNz,2
9YaMz3B1ifZpMzzPu4BTMRVi87HM8ToX9igKmnnSrd6h,2
3oyHFBiTLYMwYMJqQgYQhfmqMfQCqefFsDhgDpcHzJWL,2
4sbhXUgbpCFdYqWvgc2Y4gr3oeQ4ZC8J4tcHdyNy8jXA,2
AisryREHdmtrodUfBeXcc67CymukVp8BEuvzw6H4e17q,2
25mYnjJ2MXHZH6NvTTdA63JvjgRVcuiaj6MRiEQNs1Dq,2
9pPjRcEfttNk1Q6Bwx7DD6EejJgjJBBe7dwhnqUnX182,2
55SoJzCa7fdY2tKP8Yy5wRkn9yS7wvDsatfidCmRjVFH,2
6Jzx6jKZaYnKT5qgJZSHknfsnKm3P1MfU8XjqD7WTBuw,2
EJ2jyVUceCYvC1HxY77X2adre7Kcf8sQaucrKaQtVtXs,2
3xvsubeujW2znvw1NG9uCt5xG3NUsFZrCaHjYpuRzRvt,2
BSwGnqLJWYgtQxPyQA9EhQi3dHLWgABXnMEGkvhXtBZk,2
F349AmmGAuEyjafy4XegkPec687WZZgJ4wgFtmNZ3GQD,2
Fsm14LVNgSwRob9c7yt3W3zm373pFutc867Pw4dwGpQN,2
F9mMsorSCkhcP7PtreWfMTB7vE6D8ftEBtEEVcJ4V5V9,2
CVQU26eWq9TAZ2wbitLWoDEzB6A1wQKYP8HewTHDK9YC,2
8DoU8mBmFkMy7o4ESEzds3tiPgG6ZcKVMrHsU7X4geKZ,2
金狗满天飞.sol,2
strokemycousin.sol,2
ZAs698ruqJT24HC2fhKAenzGUzQ2nMGtAc6jsRQNWnS,2
9inyaY7aF9oxUTWP8kGRGbF6ng4uxzuMixdrCZDttaik,2
Bb1xNuBq9DkQ6qAEirbQk4ouRHbfyMhzD9ZNSbPAuG8k,2
2YawF1i5BoozJQSejJ38Mdgvv4xzqf5GKbcURmUD1sz9,2
APP9213vXKJggt1CigMCgtp6kNFvsgDMxHyVKY4uVcB3,2
5tBazXiW1JeLMCC4wjfdpwm8qhg5xKoSmnp3QEUc7ggr,2
CMRfPrDihuZLBicq3TfAnCU3QvESGCK48nvmEXkQx2qj,2
BC1wSzuyApGRreF8xWyT42PnXwYfLe8UWGztp69f4KHu,2
HetgAs14DQBBtSeouUciDDNLTUZQ19EpYdinndfujpGy,2
EBK9WHqftJN7Cnp8skgkgQVkWTT3KjgWv3wVn6Tyad2M,2
52Gi2ze1XrB3zv65NqSLtYNNiQ14M8MUUU24oUaj3ppK,2
EQQNFRr2CQPpcpwJo7mK9J2VDAYaHwdFPrb3XZSttKLM,2
6LYf8qKoPoh3JCPQHyiwzqXicCNh7owY6PHYFRVS8Zm5,2
imnotowned.sol,2
6MTRSwiu6fpoKbi9kV1UuWDvjDTboHy55vHJuBePLBhG,2
4bxJcrTt8rSK7BxTH3iPko5UXo48QFtHV4ozwr6yw2rU,2
9n5mXRzNAzXqeGKUs35vCnaY2adYBhy9UXMRZyocrJQg,2
G7vREcLKDFcnoryUU9a3Y6pu4ZqWMPgtn1uV42DFi2XF,2
21gPDGKZwm1iQvFbAhLm2w235JXQx6FGg98HoNDX4Fog,2
ESxBDARAfb7NGZiSS9ZJ2ExpFYwVgxWSXGfBSxPdsteG,2
FxmewA9AFsDBjeVqji13njMu3QzBWKfaLkiYed3tindc,2
5oZQJDwLPaZMTYg6rxPiQCxkpL1aTxHCm9tNTfxWvK1v,2
5tGN6asJDTpiGa56rdN9XSZZtyqq6qLqGVgL2wdPLNdT,2
AmtKkJKEevRknysuKWsCTTM9zm6jCXnjHyj6qbwWF7YE,2
ACuKopAZKTV6FuXMVcyXiBTCLzA9mQyLjTkqsH9LNYs3,2
BBFqwTierukrercuizx3d4EuwLf582L6ZhSSTcSLpEd9,2
CHMBKff8811EduSV1r4ry9wkTK5sFhGAYc2RJw154Wcg,2
D1YvuFnARrw1egunEdXprCJ52JeTkvUSn6P8DEvqd7sA,2
61oM2Z6t3wSus13VcuNN7dYbj1v4UHQmZNaRx6BYfCB2,2
295Y9P8gnfSr9fcv2wVifSNFM3xWdvqB2BDHBouvB6cW,2
J3ABW43nGVrY9jv3imVn79axjUyLErjRZUKCqwjAdXQr,2
E7gBQrGeJ6s1QxoeLjU5Mqfcpkmg71QfRJYvmdRWRmuP,2
AxAw5sLC7Wf9B38fMDFSZvqRiHps8DkNjXHEx5HTE29L,2
EHQoda9iKrcryXCpUxxJ6YZwjHiNYqV1pAmacExy5rfR,2
HdCejt2YqmCv2mBQkrCEU5uw1jSp6Bdk2hAsct7AmyzG,2
7qYjV3NZhfeheFMBhNP3qDKM3AhDHhu1HpLFvrL6Vcci,2
BnuYPJxWRo14HGPnwW2bS1cSnTardygutSVDvFos7w8q,2
3MGhrmrPxRkWsip7KhGPZxq8EkUNXvSVEBC23Q2PtvN6,2
27ZASRjinQgXKsrijKqb9xyRnH6W5KWgLSDveRghvHqc,2
sexxy.sol,2
EtkJgvTFiggpFViP3cgsU6AhcXaYtfVun7jXjgDLMbCP,2
3fWma3GhQJ2tkd7r94T6Eigu8nTuz6CkwJg1SwCjaXRR,2
quadrillionaire.sol,2
81eg7veeFvFp4bnR4PNRvZkj6FgWbAertgxkWB19Jfr1,2
4idHWWjwzG7T3LGvma2zrHX5hdwJ7E4JVyPNUDp8QMeo,2
4cEVoQpwMuGi53uSYSUUbPBK9U2LLTEdbNZLpwFZuTLs,2
4CcYMohSa8YKJfHn2UhyR2fVXyt8zoU6xAK63mZ3Lc7y,2
3YomUrJFYzNoCoQxPjqxp8jesg3T7nLqUWTLPSDykKsC,2
91d2qaa7DmqhALBcK2XBYrdo4oD1KeNsuRQfxYxYTS9S,2
8TQgSGrPazBnwjAD3xAFXgRpetZGVRfBMgSSVHsPiEKm,2
FUXrRHkoa8uhu88xpDQFiK1DvFbWMRmr4M2hThscq3ue,2
AEQS7ACsmTawU7CUu9znaaXMwJWj6RauMMYshYxc7FDL,2
CVPnjpBMEHnrD25SdWzxyqGfx4wf7FvmuTZPyK8pBA69,2
8Kg3NwwadAjLsqCyqWH3QXAALzYitpQC9bJ6nRV4eEgb,2
Bgm5ZyaVBo5rEttXqRzERA3VY9E4caNTZkKuEWka7vxG,2
FjgfEZmWpXyLEvPFmpAMnrXZwqnKQBLJAD4wdM1HUScZ,2
4WJf37vPsqAnTq12bwoQo29FdeupH73JZvpV1UTdzC2x,2
3QY8YKGfZX6RKrwSdRvsayzkfLGBV1y2uYRgyJiGYUKe,2
FPdxtW9DQVpEcntzKXFUkiUZCSe7QUUCShvfiPfZyNQJ,2
EmBmfDDdFJeiAvebcchCZdkfqH1sBmR6BEabiAkV9Vhu,2
7odEFmE6k225KMntEKEB7jTEPWKZ59fnNry3XWguChnw,2
7jnsUFnUAedMGrCvZ315E1Lbf64Zjsn9RMDtdTect63m,2
7XHASEx8KybwkG15iBYTQNtVVaPMdvXapouNwCHrGhgS,2
GCWCX94VWDnPnJw454Cx7TALrSeFxzVPRayY8T3Yw9i1,2
3LkmcRsZx2DdBJvVwCJXzbDscrNgK5Ha627oy7PkKBFX,2
8y5mwRka49ETnjRVP65QmoYeeWzJED5tbWNT6UczhFpQ,2
6DMV5rYkLJaWftAV5XmboWRAPds2VT24dXpNQkgtMyvy,2
Bpk8sP6CJY8MXDmzgDcu2jp4QinK9jbPgTtX4pZEsQWu,2
tnT1pqpvykZ9S3TVQg9pCAi2DT3UGrYoY91DXxejDZL,2
88S5Z5nwgHP8rmk7xbwHVaFAsLMeXpcNKX1esFiys7sJ,2
8RTDA7rQadKhCGyWdzxqhD5pm3mXg9MjmAGxn8BZ1S6C,2
7vBE718s3b4Hb3V3XmK1n7xNGuPwyxsZufxFteKCX4A7,2
BURf7QHrWT5eaXrmVojesETTGaG4NXW21ZzFDhv54jfT,2
FziRoknsdWuBSucYicpqdFmWktF7gUAKMGbKufQV9zt6,2
2247YsUDBH9oqVSGpCzt6xkrz7ZGNJWcwXPDrCnruHmC,2
8BPq9Tbt53hNNWrtpCyqQS3NvY4gWug7TRj12myj3zDY,2
CbyVsouCJ5saK1vipxGtd1VgUiN4M8FfGnpLfKNiTv8c,2
GiFePK35PYsmKYqmCMimz8KdrD5ms7L3r4ACm9bgYRxT,2
AtbwEDjbmp7pHxeSbYweHce9r2dXM9pZcMHwbPxLkGkC,2
4guRujtSkfCsKfHu6jJQE1mMfZLB6r3GP1hNt4f1eFhQ,2
6SV21K9zf3oRKTL5qioZEzXGPwfPYYcYrqPQma43zeKf,2
Haz9Pnh8tzVjFKzLs92v5EPHoywZZgeBb2612vMaPKxA,2
868j1ywZ3gemD82VY5NDqJ9ytejNZGtrzUkK9W5hMGTM,2
581fYgnKXC9DZgNccR6dxZmY8ZdTmXpHNFeH3we7ri22,2
2dRmnaXScDTGDn3Ub6BLsJVRZV7k3DodCRYxZt7pqZRz,2
3uGAbC5Ewbshuyb9kVRCXQPRBiUGKsnmzZ6i7Di4x8DG,2
5zUfQm6FQRTzoWTVwQHmtXJPv8DVVoEdg9RPiJ7f67Mp,2
HiHmr7eRkPLvXhRfdweAR7KZztLzrZhK3pKqj77tSUii,2
BQ9ujaMBwEWTKvbvUaqBF3sr5wVxfkArRxYw2AW8SCWu,2
3z8XeeSWebiuRP32HY7JdNgNR6Wk7RB5r75ajZcnuGLm,2
8gXc4eqWFC4GXS3rMXEVTBSP8fsrTx6WuJkFMsac5Eze,2
2fYKDQ9EU7ft7Fy8d7ew99HRnLaGgDy6EkC3iYbYxX9L,2
2Zxtzoxb42rJxJbGagkopc39cGCU6F7pGK553TErQYMf,2
DUiKGeH5Z2kB72DNyzvWaKZb1YaP2rAxGbETMRjGrmWc,2
D81aTvoqq9PaLfArUugniYQ3UmzjnWzeMjbkvRbkroWp,2
C9SWXBpYARRWqMsaTrvH6MgSYHhrYiYpkVMSiwdX7Keh,2
HmhsnufbYhW2AGTvamTvmjou1orvTtBnWnHV6Fg7og4c,2
C4viGgyo3WjEG2xoKTWBxx3enVmW6zgA2BwYoBaj8u8r,2
GyUWivFT3jPsUc6ew3TKWFpDW93KJVJDxdi9u2tJZVfc,2
7FfB2zQRYUQwpPzkRxAeg2mCBGeCRKp4PCEeULJA9xTo,2
5v5yByYGYL1pNobWLHWsht8hxutg5QjdEomovGLRs6fW,2
813JjtRPAvGrLb1xQpAgLbLR447sXTfAbHNjzijJT7Zr,2
8v2ycq1iP9WM1WudhT62b2HcbFpGzkTJSWoN3qV9VuTk,2
9b2GvLzVANiX8ss5i7bAbnkSJZYFLhdq9KzLPTF26gvs,2
5gCiy381njT1z7zg7mfcNcWyUe3kkJoDnBBV1Dbs3JAk,2
H3shWpkYrZhdUxZ4jDKRdYwbyiKGBefhYLrhpgSpRSYh,2
9JV5MRT7FDtgQdjDqApyUr7McG3AVBw4R9pE9mtmNPHN,2
GXY7De9JoMdiHKdwjqL9NHwJUkbGqGUivUExkHF1gVu,2
drsmol.sol,2
6CdfEDdyJy27eQ27QHM3Q6zZSNUXjMkRD9R754RsXvGr,2
J5Un4w9dY1iRrj6zr12yvyzrKQhBFYKtuZ8BzQZ35xFV,2
5cHGtshtQt3FJkDHa2L15qfiyQD7s4r1GxXZENvDVgEb,2
